<xml xmlns:o="urn:schemas-microsoft-com:office:office">
 <o:File HRef="image001.gif"/>
 <o:File HRef="image001.gif"/>
 <o:File HRef="image001.gif"/>
 <o:File HRef="image001.gif"/>
 <o:File HRef="image001.gif"/>
 <o:File HRef="image001.gif"/>
 <o:File HRef="image001.gif"/>
 <o:File HRef="image001.gif"/>
 <o:File HRef="image001.gif"/>
 <o:File HRef="image001.gif"/>
 <o:File HRef="image001.gif"/>
 <o:File HRef="image001.gif"/>
 <o:File HRef="image001.gif"/>
 <o:File HRef="image001.gif"/>
 <o:File HRef="image001.gif"/>
 <o:File HRef="image001.gif"/>
 <o:File HRef="image001.gif"/>
 <o:MainFile HRef="../Home%20Page.htm"/>
 <o:File HRef="image001.gif"/>
 <o:File HRef="filelist.xml"/>
</xml>